{"epoch": 0, "loss": 4.546875, "step": 298, "_timestamp": 1707306788.0020235, "_runtime": 13169.323394536972, "_step": 298}