{"epoch": 0, "loss": 4.5625, "step": 291, "_timestamp": 1707306480.660678, "_runtime": 12861.982048988342, "_step": 291}