{"epoch": 0, "loss": 4.515625, "step": 301, "_timestamp": 1707306918.0563858, "_runtime": 13299.37775683403, "_step": 301}