{"epoch": 0, "loss": 7.98046875, "step": 0, "_timestamp": 1707222616.592364, "_runtime": 579.4762699604034, "_step": 0}