{"epoch": 0, "loss": 6.71875, "step": 105, "_timestamp": 1707280123.9587972, "_runtime": 58086.84270310402, "_step": 105}