{"epoch": 0, "loss": 7.98046875, "step": 0, "_timestamp": 1707220329.0056162, "_runtime": 577.8434102535248, "_step": 0}