{"epoch": 4, "loss": 1.8671875, "step": 50899, "_timestamp": 1707221591.7418516, "_runtime": 310.9539134502411, "_step": 59, "_wandb": {"runtime": 306}}