{"epoch": 0, "loss": 2.431640625, "step": 365, "_timestamp": 1707293498.7168841, "_runtime": 2050.1110780239105, "_step": 365}